pais_codigo_iso3,pais_nombre,anio,indice_sintetico,indice_previo,delta_absoluto,variacion_interanual_pct,tendencia
ARG,Argentina,2018,46.85,,,,BASE
ARG,Argentina,2019,43.03,46.85,-3.82,-8.15,DISMINUCION
ARG,Argentina,2020,31.55,43.03,-11.48,-26.68,DISMINUCION
ARG,Argentina,2021,56.47,31.55,24.92,78.99,CRECIMIENTO
ARG,Argentina,2022,54.73,56.47,-1.74,-3.08,DISMINUCION
ARG,Argentina,2023,48.54,54.73,-6.19,-11.31,DISMINUCION
ARG,Argentina,2024,38.29,48.54,-10.25,-21.12,DISMINUCION
CHL,Chile,2018,67.67,,,,BASE
CHL,Chile,2019,64.86,67.67,-2.81,-4.15,DISMINUCION
CHL,Chile,2020,54.6,64.86,-10.26,-15.82,DISMINUCION
CHL,Chile,2021,75.71,54.6,21.11,38.66,CRECIMIENTO
CHL,Chile,2022,68.25,75.71,-7.46,-9.85,DISMINUCION
CHL,Chile,2023,66.88,68.25,-1.37,-2.01,DISMINUCION
CHL,Chile,2024,65.26,66.88,-1.62,-2.42,DISMINUCION
URY,Uruguay,2018,60.83,,,,BASE
URY,Uruguay,2019,60.3,60.83,-0.53,-0.87,ESTABILIDAD
URY,Uruguay,2020,41.81,60.3,-18.49,-30.66,DISMINUCION
URY,Uruguay,2021,53.88,41.81,12.07,28.87,CRECIMIENTO
URY,Uruguay,2022,57.24,53.88,3.36,6.24,CRECIMIENTO
URY,Uruguay,2023,55.32,57.24,-1.92,-3.35,DISMINUCION
URY,Uruguay,2024,67.11,55.32,11.79,21.31,CRECIMIENTO
